Hypothesis,Estimate,Est.Error,CI.Lower,CI.Upper,Evid.Ratio,Post.Prob,Star
(X_c)-(0.0) = 0,0.04470852879854593,0.028898485499196415,-0.009960966694481979,0.10190560741679307,NA,NA,
(X_k)-(0.0) = 0,0.010478294849982741,0.028299862934546706,-0.045712460232649965,0.06527620404794386,NA,NA,
(X_c:X_k)-(0.0) = 0,-0.013916219029907079,0.05558571629156086,-0.12307899155759836,0.09675224954232091,NA,NA,
(X_c)-(0.0) = 0,-0.0561924090425996,0.02780178946257949,-0.11048264733921198,-0.0011764886219189695,NA,NA,*
(X_k)-(0.0) = 0,-0.17919810362179692,0.02776419245800755,-0.2339188512505533,-0.12407820867352519,NA,NA,*
(X_c:X_k)-(0.0) = 0,0.02207319878557822,0.05692597826976651,-0.08742707373957977,0.13344378589268288,NA,NA,
(X_c)-(0.0) = 0,-0.14578804686498742,0.028236425896243558,-0.20011250523086896,-0.09046375519374662,NA,NA,*
(X_k)-(0.0) = 0,0.1035674408881664,0.028743687770754558,0.04725157534019665,0.16015231144751405,NA,NA,*
(X_c:X_k)-(0.0) = 0,0.03293268343371146,0.055627867290479326,-0.07787654665329492,0.14240746379659117,NA,NA,
(X_c)-(0.0) = 0,-0.08263318663589876,0.027170389882215918,-0.13452659403786937,-0.03013371528598747,NA,NA,*
(X_k)-(0.0) = 0,0.15011231914553966,0.027911300379166466,0.0940155956131582,0.20420408044300103,NA,NA,*
(X_c:X_k)-(0.0) = 0,-0.031244586548945342,0.05768944910175771,-0.14328750505461377,0.08128990096986818,NA,NA,
(X_c)-(0.0) = 0,0.0016623625429225864,0.027730075358559696,-0.05245357841644251,0.05663625006633398,NA,NA,
(X_k)-(0.0) = 0,-0.13489430065509547,0.027856139682576646,-0.1887005167865788,-0.08225843523380305,NA,NA,*
(X_c:X_k)-(0.0) = 0,-0.14812393364356335,0.056913014048099723,-0.2577796246628414,-0.03745551098394127,NA,NA,*
(X_c)-(0.0) = 0,-0.058389357339200795,0.028891924831849446,-0.11587259743597252,-0.0023660083830824375,NA,NA,*
(X_k)-(0.0) = 0,-0.12111605870896962,0.028716803158694647,-0.17684426279682453,-0.06377605665140407,NA,NA,*
(X_c:X_k)-(0.0) = 0,-0.15092522750035978,0.05599385593625869,-0.25805081024643856,-0.03993217249088327,NA,NA,*
(X_c)-(0.0) = 0,0.05706208324480039,0.02823326875496964,0.0014340214768094705,0.11245720013460977,NA,NA,*
(X_k)-(0.0) = 0,0.08845485128759896,0.028614838091706875,0.032105168851910365,0.14474817654879393,NA,NA,*
(X_c:X_k)-(0.0) = 0,0.14516113285146698,0.05606892298656434,0.03590167120878156,0.25511738589908456,NA,NA,*
(X_c)-(0.0) = 0,-0.07636961234891233,0.0276205599271975,-0.12929912523524045,-0.02340870667267498,NA,NA,*
(X_k)-(0.0) = 0,-0.056734022949570015,0.02880459078789049,-0.11310128483676463,0.0012816821609062002,NA,NA,
(X_c:X_k)-(0.0) = 0,-0.10282451251017595,0.05508863725187046,-0.21458853573660802,0.004423684272403359,NA,NA,
(X_c)-(0.0) = 0,0.09036452772251831,0.02817446085143249,0.03479314805816996,0.1441674815004673,NA,NA,*
(X_k)-(0.0) = 0,-0.040215100885722214,0.027059148737097114,-0.09406536883665677,0.011168499174997132,NA,NA,
(X_c:X_k)-(0.0) = 0,-0.012168834306012823,0.05629800130155199,-0.12152068100536319,0.09841840026689742,NA,NA,
(X_c)-(0.0) = 0,0.17598644070249075,0.027328945391977912,0.12047337509906256,0.22944366146718403,NA,NA,*
(X_k)-(0.0) = 0,0.07366758271877756,0.028808009607946453,0.018657865548312055,0.13096156314914104,NA,NA,*
(X_c:X_k)-(0.0) = 0,-0.06864178293734766,0.055494411138021324,-0.17865977337586023,0.040367621377964825,NA,NA,
(X_c)-(0.0) = 0,0.06646727314617226,0.027900931704195442,0.012488621375707687,0.1217551830815591,NA,NA,*
(X_k)-(0.0) = 0,-0.13611941090067986,0.028072927473195213,-0.18985187747582977,-0.08236157878649146,NA,NA,*
(X_c:X_k)-(0.0) = 0,0.18858376227909757,0.05644792074612048,0.0784363532149676,0.2984587724076004,NA,NA,*
(X_c)-(0.0) = 0,0.030117154882617434,0.028441865769144623,-0.025926059244468877,0.08333885287645777,NA,NA,
(X_k)-(0.0) = 0,0.17068305539246534,0.028100413385700577,0.1143562630692134,0.2245761670737737,NA,NA,*
(X_c:X_k)-(0.0) = 0,-0.18284842023073794,0.057854010543144554,-0.29698878811056656,-0.07175617825838373,NA,NA,*
(X_c)-(0.0) = 0,-0.03958819140717169,0.028850845446313344,-0.09569526916071831,0.01627107845425551,NA,NA,
(X_k)-(0.0) = 0,0.03830591314802202,0.028539312393236583,-0.017524744048201625,0.09514406888643105,NA,NA,
(X_c:X_k)-(0.0) = 0,-0.16287591603693274,0.05567204444475331,-0.27043721387872843,-0.053284544321435576,NA,NA,*
(X_c)-(0.0) = 0,-0.080158712206575,0.028555366305367313,-0.13557795325638888,-0.023568650486811914,NA,NA,*
(X_k)-(0.0) = 0,0.007495904308310097,0.02848421637792495,-0.04877843544236519,0.06257540005452211,NA,NA,
(X_c:X_k)-(0.0) = 0,0.12390762700682843,0.05653675908633299,0.009065316015267612,0.23480259590382221,NA,NA,*
(X_c)-(0.0) = 0,0.021200068900532845,0.027200965758196693,-0.03201720749240813,0.07469597997847101,NA,NA,
(X_k)-(0.0) = 0,-0.12356898761674664,0.028133854740017575,-0.17835873618280962,-0.07065247797837726,NA,NA,*
(X_c:X_k)-(0.0) = 0,0.04974893947183121,0.056935083618731105,-0.06036452092374796,0.16152046158365632,NA,NA,
(X_c)-(0.0) = 0,0.12103027439161278,0.028338869375736698,0.06334024057685848,0.17567701685975382,NA,NA,*
(X_k)-(0.0) = 0,-0.08570935353797547,0.028023526822563233,-0.14174735274383324,-0.03229407911793464,NA,NA,*
(X_c:X_k)-(0.0) = 0,0.03621453392087046,0.054946366062915745,-0.07057997418038718,0.14418284862161201,NA,NA,
(X_c)-(0.0) = 0,-0.09128133426788208,0.027383534482647815,-0.1448780695046784,-0.03860444160428749,NA,NA,*
(X_k)-(0.0) = 0,0.06284256920824699,0.027820920146786714,0.008651416776032855,0.11798223416200036,NA,NA,*
(X_c:X_k)-(0.0) = 0,-0.04303252658321118,0.05563408300406969,-0.15224889209324605,0.06443683816196895,NA,NA,
(X_c)-(0.0) = 0,0.02574161379792562,0.028503069180635124,-0.029973068452077277,0.08091870322275205,NA,NA,
(X_k)-(0.0) = 0,-0.0045201566966253355,0.028103379744049483,-0.059277768748465104,0.048064419040320425,NA,NA,
(X_c:X_k)-(0.0) = 0,-0.22400508238200761,0.05629422625302148,-0.3327803811932689,-0.11582346653689818,NA,NA,*
(X_c)-(0.0) = 0,-0.010786691056831188,0.028193889471820936,-0.06660872658546041,0.04324310913940592,NA,NA,
(X_k)-(0.0) = 0,-0.023315620019214965,0.02824180459613613,-0.07950258838325606,0.033057799796967206,NA,NA,
(X_c:X_k)-(0.0) = 0,0.19631592493618968,0.05677051964272184,0.0888881607223348,0.3090515576871628,NA,NA,*
(X_c)-(0.0) = 0,0.11244099556340885,0.028514262502645316,0.0562680203938363,0.16648507301376528,NA,NA,*
(X_k)-(0.0) = 0,-0.03553815694800364,0.028603232824953324,-0.09310585599443699,0.019624455761675003,NA,NA,
(X_c:X_k)-(0.0) = 0,0.20842704083331806,0.05702918731448115,0.0954364045260474,0.32026274667819415,NA,NA,*
(X_c)-(0.0) = 0,-0.07160901388422272,0.028381568221467025,-0.12656825462370222,-0.0170545115173905,NA,NA,*
(X_k)-(0.0) = 0,0.015006116448509188,0.02765429352227603,-0.03993791099123725,0.0675600139927245,NA,NA,
(X_c:X_k)-(0.0) = 0,0.056108256380379785,0.057281782495888625,-0.05436503687097188,0.16626542769042427,NA,NA,
(X_c)-(0.0) = 0,-0.06415588354088236,0.028621737429041325,-0.12070487617781207,-0.008445640831553127,NA,NA,*
(X_k)-(0.0) = 0,0.14105756352307863,0.027678614144439017,0.08643174710066265,0.19586532261215922,NA,NA,*
(X_c:X_k)-(0.0) = 0,-0.24007277081782558,0.05374103284710912,-0.34891073597621874,-0.13319378813759958,NA,NA,*
(X_c)-(0.0) = 0,0.05400002630878842,0.028072367187693896,-0.0013207474030002288,0.10796382759201381,NA,NA,
(X_k)-(0.0) = 0,0.01058995445034009,0.02795860258028208,-0.0447641553899173,0.06471778210850246,NA,NA,
(X_c:X_k)-(0.0) = 0,0.027254264896156937,0.05549270945443687,-0.08068430050445374,0.1331359120907484,NA,NA,
(X_c)-(0.0) = 0,0.01425104712153689,0.027623391865961893,-0.04042292364555727,0.06993684636789466,NA,NA,
(X_k)-(0.0) = 0,0.049144390045434125,0.02818651171509339,-0.0055988308294944835,0.10380446401927355,NA,NA,
(X_c:X_k)-(0.0) = 0,-0.09232349909744766,0.05538602589948362,-0.199395593773015,0.017865561902193853,NA,NA,
(X_c)-(0.0) = 0,-0.11539929698937314,0.02736552638797014,-0.16721305053977326,-0.06262032755951775,NA,NA,*
(X_k)-(0.0) = 0,0.023753056974226746,0.028733698133732718,-0.03206349349585731,0.0805184000444957,NA,NA,
(X_c:X_k)-(0.0) = 0,0.257023398850786,0.05620556066615539,0.14680179001304727,0.3658273263385625,NA,NA,*
(X_c)-(0.0) = 0,-0.15927988091599976,0.028554245607626896,-0.21641044680665808,-0.10617778314290258,NA,NA,*
(X_k)-(0.0) = 0,-0.007699595967318831,0.027375178428027738,-0.05907893769964842,0.04538226424183884,NA,NA,
(X_c:X_k)-(0.0) = 0,-0.20331168122693843,0.05510553353191501,-0.30976785750170327,-0.09547125554218557,NA,NA,*
(X_c)-(0.0) = 0,0.1496243760519938,0.027620094701068677,0.0965681239751725,0.2036770478468701,NA,NA,*
(X_k)-(0.0) = 0,-0.10837923910663885,0.028496889373538836,-0.16325943980185909,-0.05321493260202523,NA,NA,*
(X_c:X_k)-(0.0) = 0,0.052033787111317203,0.05628353580848059,-0.06058836302519682,0.16315238877340138,NA,NA,
(X_c)-(0.0) = 0,-0.10826059556558931,0.02845903066485019,-0.16406915711439243,-0.05189551944050006,NA,NA,*
(X_k)-(0.0) = 0,0.07335288325684666,0.028453217506570327,0.018392724865565854,0.12790656308677115,NA,NA,*
(X_c:X_k)-(0.0) = 0,-0.2403391016443978,0.056867716937114496,-0.3529576761226446,-0.12782352215082618,NA,NA,*
(X_c)-(0.0) = 0,-0.023979004844962036,0.027760240486628476,-0.08052052077038445,0.030372177077662012,NA,NA,
(X_k)-(0.0) = 0,0.0674069554568186,0.028139231181785004,0.012469157563281617,0.12339231172484037,NA,NA,*
(X_c:X_k)-(0.0) = 0,0.022002954057333133,0.05537061576499115,-0.08350457811311318,0.12965611333985366,NA,NA,
(X_c)-(0.0) = 0,0.15803894789240702,0.027828824084293144,0.10272196527114134,0.21395202469928276,NA,NA,*
(X_k)-(0.0) = 0,0.12815423065231837,0.029058950233394866,0.07050864162291119,0.1834573025513235,NA,NA,*
(X_c:X_k)-(0.0) = 0,-0.09689850492739331,0.05714374769903395,-0.20833675774987942,0.015172331038353276,NA,NA,
(X_c)-(0.0) = 0,0.12602196534191001,0.027962934278777718,0.06982639142049227,0.18059770154028412,NA,NA,*
(X_k)-(0.0) = 0,0.14726458535170944,0.027880133733160544,0.09214335643609914,0.20096731634292048,NA,NA,*
(X_c:X_k)-(0.0) = 0,0.005584200960987882,0.05489782716662174,-0.10292973972202697,0.11154432746829353,NA,NA,
(X_c)-(0.0) = 0,0.037597944415179406,0.02724736705933108,-0.017322517112444778,0.09054698188270661,NA,NA,
(X_k)-(0.0) = 0,0.11328267635451554,0.02834453234908636,0.05911362868452055,0.16745120138873368,NA,NA,*
(X_c:X_k)-(0.0) = 0,-0.04029920341502825,0.056580267507813184,-0.1529023360762626,0.07133506975787629,NA,NA,
(X_c)-(0.0) = 0,-0.003975161571862847,0.02732444017688535,-0.05688832436779018,0.04955047337843441,NA,NA,
(X_k)-(0.0) = 0,0.17092909583357538,0.027406213506909707,0.11709412358531843,0.22398178551991077,NA,NA,*
(X_c:X_k)-(0.0) = 0,0.1459300030320381,0.056414517992153974,0.036604807929963706,0.2547933101442495,NA,NA,*
(X_c)-(0.0) = 0,0.07492377393151697,0.02728320715137172,0.021073991582129123,0.12867653044998953,NA,NA,*
(X_k)-(0.0) = 0,0.018047742042189365,0.027823782864986085,-0.03483693166799349,0.07131877976181707,NA,NA,
(X_c:X_k)-(0.0) = 0,-0.031117196098559907,0.055377687606521786,-0.14167763480965534,0.07662598302692403,NA,NA,
(X_c)-(0.0) = 0,-0.05810387636400421,0.02795837208844806,-0.11367239140235443,-0.004200322015101833,NA,NA,*
(X_k)-(0.0) = 0,0.0076096934634531065,0.028132921936883833,-0.04852870069016564,0.06219859319352165,NA,NA,
(X_c:X_k)-(0.0) = 0,0.16725874099950605,0.05695969810979897,0.05723427306261309,0.27959369969803693,NA,NA,*
(X_c)-(0.0) = 0,0.015267317784257385,0.027936184607016124,-0.03977450917167655,0.06949391060362729,NA,NA,
(X_k)-(0.0) = 0,0.14524313554103424,0.028190774936919877,0.08972491670261667,0.2006185816416165,NA,NA,*
(X_c:X_k)-(0.0) = 0,0.015752980124986795,0.05573895585284561,-0.09474458357777302,0.12634872068987124,NA,NA,
(X_c)-(0.0) = 0,0.08774501136316162,0.027860316262876633,0.03393024215072292,0.141690586737611,NA,NA,*
(X_k)-(0.0) = 0,-0.037108722710514123,0.027723475652356746,-0.08963749800193356,0.01585529444198851,NA,NA,
(X_c:X_k)-(0.0) = 0,-0.14633860148484085,0.0561758017299441,-0.25882154515283906,-0.03738383919534041,NA,NA,*
(X_c)-(0.0) = 0,-0.034931693885828445,0.028327180796514768,-0.09052510082035929,0.021106528903495167,NA,NA,
(X_k)-(0.0) = 0,0.15766068055151353,0.028399418966678372,0.10248581990975826,0.21291878155901658,NA,NA,*
(X_c:X_k)-(0.0) = 0,0.01692630567057431,0.05532269674382955,-0.0908328258187003,0.12470722102575796,NA,NA,
(X_c)-(0.0) = 0,0.05532558708258375,0.02771078192588939,-1.480505907348738e-4,0.10929509353293707,NA,NA,
(X_k)-(0.0) = 0,-0.015344450837157447,0.028273559565721692,-0.07090930498081649,0.03959118324990202,NA,NA,
(X_c:X_k)-(0.0) = 0,-0.20695419069557042,0.05728837807254546,-0.3176371540688983,-0.09453229554704652,NA,NA,*
(X_c)-(0.0) = 0,8.749902566005129e-4,0.027764562601010775,-0.05491407495995961,0.05573017805783412,NA,NA,
(X_k)-(0.0) = 0,-0.08079104603213945,0.028526848953951255,-0.1366486012645926,-0.02545626498084054,NA,NA,*
(X_c:X_k)-(0.0) = 0,-0.08483119039174494,0.05646605836865456,-0.19665411553693252,0.026546357572059035,NA,NA,
(X_c)-(0.0) = 0,0.011356173009746812,0.028406611580705055,-0.043837330903843875,0.06767033702338549,NA,NA,
(X_k)-(0.0) = 0,-0.015878950244471002,0.02810796965872451,-0.07154398425191426,0.03867489969750414,NA,NA,
(X_c:X_k)-(0.0) = 0,0.08096711831186013,0.05652313601699422,-0.027694241568970136,0.19048264731020118,NA,NA,
(X_c)-(0.0) = 0,0.06515086743815802,0.02830965180139619,0.01005831978553886,0.11892135858531279,NA,NA,*
(X_k)-(0.0) = 0,0.09880667926364967,0.028568248823858125,0.04373093334598033,0.1539993887380108,NA,NA,*
(X_c:X_k)-(0.0) = 0,0.032112222805829614,0.05476190499040878,-0.07599149479806408,0.14013053403162865,NA,NA,
(X_c)-(0.0) = 0,0.02488404237016834,0.028046733026879298,-0.031051101934310994,0.079142826576595,NA,NA,
(X_k)-(0.0) = 0,0.12301347354366866,0.02891732597730379,0.06653757893243664,0.17839805334296516,NA,NA,*
(X_c:X_k)-(0.0) = 0,-0.035282076415917546,0.05619230200933931,-0.1455184205935449,0.07440824068020672,NA,NA,
(X_c)-(0.0) = 0,-0.11915792815068331,0.027253849010326764,-0.17120106079430494,-0.06586947219854729,NA,NA,*
(X_k)-(0.0) = 0,0.13286825354381793,0.027730273967498668,0.07952543110517656,0.18650468860308236,NA,NA,*
(X_c:X_k)-(0.0) = 0,0.004385598114588681,0.05610622061517674,-0.10305478367420319,0.11424012493444576,NA,NA,
(X_c)-(0.0) = 0,-8.269070102834268e-4,0.02811671704497893,-0.05552511667670613,0.054584637162377346,NA,NA,
(X_k)-(0.0) = 0,-0.08384222671885219,0.02772848692085983,-0.13866479258043507,-0.029546347137264044,NA,NA,*
(X_c:X_k)-(0.0) = 0,0.24329416014533692,0.056397886538587565,0.13102692755511647,0.3510895280813574,NA,NA,*
(X_c)-(0.0) = 0,-0.09054973500992125,0.028636748466951682,-0.14661380573370836,-0.03506624779412051,NA,NA,*
(X_k)-(0.0) = 0,0.3067327192870273,0.02774087338534959,0.25245608244227385,0.3608904577812875,NA,NA,*
(X_c:X_k)-(0.0) = 0,-0.0927465688953685,0.05641533053413218,-0.20581989938830506,0.01897734940629597,NA,NA,
(X_c)-(0.0) = 0,-0.03704388391648524,0.02741816856707679,-0.09163248953410899,0.0160985552583445,NA,NA,
(X_k)-(0.0) = 0,-0.07829061560850777,0.028863895508266343,-0.13466783519370062,-0.022080441972557784,NA,NA,*
(X_c:X_k)-(0.0) = 0,-0.007930072245578096,0.055320462193994294,-0.11792511578986474,0.10021303980792264,NA,NA,
(X_c)-(0.0) = 0,-0.0481983950963622,0.02858399636544563,-0.10317304526088211,0.011792307601836197,NA,NA,
(X_k)-(0.0) = 0,-0.10232185537149284,0.028416576099257487,-0.15791325877846404,-0.04486405832229538,NA,NA,*
(X_c:X_k)-(0.0) = 0,0.060839726132071795,0.055927169027457764,-0.052033157183889726,0.17071884755486327,NA,NA,
(X_c)-(0.0) = 0,-0.05856153973097991,0.027803747221237473,-0.11313933919388491,-0.004026193592459815,NA,NA,*
(X_k)-(0.0) = 0,0.03172065125705897,0.027905419625328786,-0.023959981944168093,0.08644630742259544,NA,NA,
(X_c:X_k)-(0.0) = 0,0.062047385267590974,0.05640782942206613,-0.04960479791489256,0.17195173229244456,NA,NA,
(X_c)-(0.0) = 0,0.09153456779870954,0.027543527479844496,0.036779212891284496,0.14467665579451613,NA,NA,*
(X_k)-(0.0) = 0,-0.028201742532188632,0.028608962880352903,-0.08302190327202626,0.029176778291405206,NA,NA,
(X_c:X_k)-(0.0) = 0,0.08583624771376981,0.05513821859097764,-0.022772934128498543,0.19683885528086167,NA,NA,
(X_c)-(0.0) = 0,0.016386885180214267,0.027603173013373755,-0.03650010347925734,0.06856328995036498,NA,NA,
(X_k)-(0.0) = 0,0.16283262960367972,0.02797561079705165,0.1094210524170846,0.2181513635564629,NA,NA,*
(X_c:X_k)-(0.0) = 0,-0.10968253619429195,0.05731570834523596,-0.21912614352592796,0.004315914886568964,NA,NA,
(X_c)-(0.0) = 0,-0.037748804980773695,0.027880713651612755,-0.0936943294247676,0.017451101212999375,NA,NA,
(X_k)-(0.0) = 0,-0.03215232514370012,0.028575744809488872,-0.08728011008215271,0.02356708832623915,NA,NA,
(X_c:X_k)-(0.0) = 0,-0.1103583099924735,0.05663702909403495,-0.21967410195754483,7.694503798878174e-4,NA,NA,
(X_c)-(0.0) = 0,-0.01914424944877433,0.02745605195762165,-0.07364520545556695,0.033191695117372695,NA,NA,
(X_k)-(0.0) = 0,0.08864016417221492,0.02793382674767569,0.032612181608119496,0.14362566920555114,NA,NA,*
(X_c:X_k)-(0.0) = 0,-0.045332983209653344,0.0560680172608268,-0.15414194079163623,0.06464262621048175,NA,NA,
(X_c)-(0.0) = 0,0.1442490262079148,0.027948325753858933,0.09059982746552414,0.19975268098084534,NA,NA,*
(X_k)-(0.0) = 0,-0.05688672564319334,0.028473324374996653,-0.11360295547635513,0.0010941523273037032,NA,NA,
(X_c:X_k)-(0.0) = 0,0.057453377904176726,0.055730018023549675,-0.050796496037853175,0.16694080630981967,NA,NA,
(X_c)-(0.0) = 0,0.030427856470750435,0.02812962814683715,-0.024961410949009725,0.08562886658403879,NA,NA,
(X_k)-(0.0) = 0,0.026403594592948824,0.028275178247197538,-0.0285503349830312,0.0813216470000275,NA,NA,
(X_c:X_k)-(0.0) = 0,-0.1726449935725585,0.05538677847455491,-0.28218926704721636,-0.0633457299935318,NA,NA,*
(X_c)-(0.0) = 0,0.06902610724556402,0.028086141414270935,0.01423346824473657,0.1265071960263583,NA,NA,*
(X_k)-(0.0) = 0,0.03896268731554661,0.028162393909720695,-0.014529742058796664,0.09425013352757472,NA,NA,
(X_c:X_k)-(0.0) = 0,0.2292654273003972,0.05534113018724164,0.11793245783214179,0.33802749662616355,NA,NA,*
(X_c)-(0.0) = 0,-0.050682104872884486,0.027788081554882563,-0.1058154273111163,0.004583595906398974,NA,NA,
(X_k)-(0.0) = 0,0.06391634531599404,0.028357148226244598,0.008601266544724902,0.1192843770187559,NA,NA,*
(X_c:X_k)-(0.0) = 0,0.23184736743408632,0.056126229343010224,0.12281266810861767,0.3419335136896694,NA,NA,*
(X_c)-(0.0) = 0,-0.06030485971650866,0.027381417085926146,-0.11493054369613342,-0.007779542862814194,NA,NA,*
(X_k)-(0.0) = 0,0.06166188510272752,0.0283462259965686,0.006811407872667473,0.11792181825958771,NA,NA,*
(X_c:X_k)-(0.0) = 0,-0.10167525207133421,0.05705269762430343,-0.21370727413949328,0.010743512446815404,NA,NA,
(X_c)-(0.0) = 0,0.14163452193808665,0.02818140220112522,0.08610204141103804,0.19609845588270228,NA,NA,*
(X_k)-(0.0) = 0,0.01259391804165084,0.028503132808930586,-0.04399558622433797,0.06775147747563505,NA,NA,
(X_c:X_k)-(0.0) = 0,0.02448849705637117,0.05657336769449744,-0.08824347977545065,0.13356834819554686,NA,NA,
(X_c)-(0.0) = 0,-0.043793117795286614,0.02807555925448613,-0.09856697317973749,0.011152037151296881,NA,NA,
(X_k)-(0.0) = 0,0.004074620696619022,0.02787371375001631,-0.05142167595066942,0.06042700570749762,NA,NA,
(X_c:X_k)-(0.0) = 0,-0.07169914328057556,0.05567837030559196,-0.18427934570835114,0.034970247270651955,NA,NA,
(X_c)-(0.0) = 0,0.042160871413523225,0.027664075916886615,-0.010216241137827153,0.09484438760165952,NA,NA,
(X_k)-(0.0) = 0,-0.015515574009589708,0.02826576838782002,-0.07123198531618591,0.03941417419735525,NA,NA,
(X_c:X_k)-(0.0) = 0,-0.1679822402595,0.056871329102256764,-0.27857151351445164,-0.055415127478085836,NA,NA,*
(X_c)-(0.0) = 0,-0.05117647834180086,0.028279193101783322,-0.10573100346508038,0.003929205476739832,NA,NA,
(X_k)-(0.0) = 0,-0.1550941367114052,0.028236207378396168,-0.2093471977862439,-0.09979440535350476,NA,NA,*
(X_c:X_k)-(0.0) = 0,-0.13487829930107928,0.05687015869176892,-0.24688865827461068,-0.026463366019233287,NA,NA,*
(X_c)-(0.0) = 0,0.041358946944838416,0.02822279338448721,-0.013079778341604066,0.0976753545238622,NA,NA,
(X_k)-(0.0) = 0,0.2093091555149333,0.027406541841542002,0.15642610032565687,0.26372820531447067,NA,NA,*
(X_c:X_k)-(0.0) = 0,-0.1530199032597121,0.056909117438466245,-0.2620474968383893,-0.04064631360247142,NA,NA,*
(X_c)-(0.0) = 0,-0.03946982638889168,0.02839698402385596,-0.09309090567205291,0.016995999722724874,NA,NA,
(X_k)-(0.0) = 0,-0.04056628925851585,0.028326331184487238,-0.0961345592493631,0.015108746174573294,NA,NA,
(X_c:X_k)-(0.0) = 0,-0.007427000081412246,0.05523259393893912,-0.11628699388315425,0.10380916455885503,NA,NA,
(X_c)-(0.0) = 0,-0.06714412791661013,0.027939318764875584,-0.12261706368789732,-0.012269722819165633,NA,NA,*
(X_k)-(0.0) = 0,-0.032970616614506475,0.028224081075472956,-0.08853973278100508,0.024003605895844105,NA,NA,
(X_c:X_k)-(0.0) = 0,-0.053706749932986686,0.05545724108521834,-0.16098532420834075,0.05561824732160965,NA,NA,
(X_c)-(0.0) = 0,0.018062710132202855,0.028049982388173984,-0.037452073493393266,0.07196622571080095,NA,NA,
(X_k)-(0.0) = 0,-0.029485244779487205,0.02776472531140535,-0.08424433485320289,0.024080210745148756,NA,NA,
(X_c:X_k)-(0.0) = 0,-0.054860148371469894,0.056749361298455224,-0.16570713962028152,0.05644334961073468,NA,NA,
(X_c)-(0.0) = 0,0.11891748624174112,0.028044764401099757,0.06396268321346,0.17339348672053165,NA,NA,*
(X_k)-(0.0) = 0,-0.06129257396427381,0.027932494460854274,-0.11628431250449102,-0.0052165479132672615,NA,NA,*
(X_c:X_k)-(0.0) = 0,-0.00965119132098762,0.05734288012174099,-0.1224124340155506,0.10014211945369449,NA,NA,
(X_c)-(0.0) = 0,-0.07598597441495389,0.02769692670495872,-0.12998102925458097,-0.02169881102611341,NA,NA,*
(X_k)-(0.0) = 0,0.11531116974422019,0.029038871718160636,0.05946104195027136,0.1713706156160021,NA,NA,*
(X_c:X_k)-(0.0) = 0,-0.10489981576983089,0.05553532740999377,-0.21668008163523003,0.002784489987770601,NA,NA,
(X_c)-(0.0) = 0,-0.1406799200020145,0.02782276000865092,-0.19647891623801836,-0.08589587293320232,NA,NA,*
(X_k)-(0.0) = 0,0.06222859748668416,0.027839799262526648,0.007006213852996554,0.11595019468953735,NA,NA,*
(X_c:X_k)-(0.0) = 0,0.041117942036499835,0.05552290112639102,-0.06786656713934944,0.15392218400654828,NA,NA,
(X_c)-(0.0) = 0,0.007355358025478196,0.02848373764438746,-0.04787549951760406,0.06373537070170507,NA,NA,
(X_k)-(0.0) = 0,0.10306398652666064,0.028289164329218994,0.047397894133557925,0.15910596091532803,NA,NA,*
(X_c:X_k)-(0.0) = 0,-0.0069384663974800245,0.05706561816600967,-0.12038101370019876,0.10553552989318365,NA,NA,
(X_c)-(0.0) = 0,-0.0188707829888858,0.028086265249979373,-0.07477474519782358,0.03599592613438535,NA,NA,
(X_k)-(0.0) = 0,-0.008192435490284452,0.02755495873448836,-0.06301298249728181,0.04511058148624139,NA,NA,
(X_c:X_k)-(0.0) = 0,-0.05645292443502655,0.05562198443345054,-0.16439554412426186,0.05549829718432073,NA,NA,
(X_c)-(0.0) = 0,-0.024486409573737024,0.027926175657214083,-0.07918665977611761,0.03063532842483444,NA,NA,
(X_k)-(0.0) = 0,0.02242143500969107,0.027977892667048632,-0.03232745852268293,0.07856109567169696,NA,NA,
(X_c:X_k)-(0.0) = 0,-0.08836471879590062,0.05584519541007157,-0.19631012747661264,0.019745856026968926,NA,NA,
(X_c)-(0.0) = 0,-0.03214027936724996,0.027707246072525508,-0.08499413366670931,0.021822793721346528,NA,NA,
(X_k)-(0.0) = 0,0.18853005225681224,0.028313256300990724,0.13482436238969653,0.24485403458357755,NA,NA,*
(X_c:X_k)-(0.0) = 0,-0.1861617238921215,0.05727887868260178,-0.2978754369027983,-0.0757857500947909,NA,NA,*
(X_c)-(0.0) = 0,-0.04937835504548348,0.029146029118774022,-0.10786250590081622,0.010352210411056705,NA,NA,
(X_k)-(0.0) = 0,-0.015517073675553123,0.028452945961982383,-0.0688252634125082,0.03997724996326693,NA,NA,
(X_c:X_k)-(0.0) = 0,0.36307547295723425,0.057269082668586824,0.24730503509021112,0.4800342027440665,NA,NA,*
(X_c)-(0.0) = 0,0.057196738464878785,0.02795099179810769,0.001965348024064034,0.11200708801651736,NA,NA,*
(X_k)-(0.0) = 0,0.07439143180006284,0.0279571656777381,0.0211400255958949,0.13110490110018602,NA,NA,*
(X_c:X_k)-(0.0) = 0,0.016418107335012533,0.05746744338966115,-0.09718671078049188,0.1274054761394181,NA,NA,
(X_c)-(0.0) = 0,-0.09995934379029797,0.028306366156191344,-0.15589596368500136,-0.04442165811504927,NA,NA,*
(X_k)-(0.0) = 0,-0.010924755369090733,0.028061242548871306,-0.06792391006683428,0.04555327570469543,NA,NA,
(X_c:X_k)-(0.0) = 0,-0.025992006056685283,0.055725442427410524,-0.1379682497229524,0.08627893372878015,NA,NA,
(X_c)-(0.0) = 0,0.16616011168437894,0.028298049440260372,0.11141709402436109,0.2225247648823534,NA,NA,*
(X_k)-(0.0) = 0,-0.13162070779014642,0.027852000042710184,-0.18624530728486496,-0.07823693091390108,NA,NA,*
(X_c:X_k)-(0.0) = 0,-0.08898745137471643,0.05568057141997855,-0.19708743164534764,0.018588715944331487,NA,NA,
(X_c)-(0.0) = 0,-0.04900421793244562,0.028289663443008737,-0.10508565377933912,0.006349445801890787,NA,NA,
(X_k)-(0.0) = 0,-0.2742709713577311,0.029066501487090182,-0.33231180954679734,-0.2185508935280294,NA,NA,*
(X_c:X_k)-(0.0) = 0,0.07158699860404055,0.05592371407333805,-0.03808373621400724,0.18249951149309493,NA,NA,
(X_c)-(0.0) = 0,0.07138117720195195,0.02778760151918944,0.016833275107589262,0.12628545568013544,NA,NA,*
(X_k)-(0.0) = 0,0.21124608661479033,0.02759878222751229,0.15698244213466647,0.2653017130096193,NA,NA,*
(X_c:X_k)-(0.0) = 0,-0.17398407079472758,0.057524810316290656,-0.2867799158472867,-0.062420079168463566,NA,NA,*
(X_c)-(0.0) = 0,-0.12552488001113088,0.02786976349126957,-0.17975581800738005,-0.07011795391436891,NA,NA,*
(X_k)-(0.0) = 0,-0.06995872419358064,0.02825971720635457,-0.1255314638461092,-0.01365460942420045,NA,NA,*
(X_c:X_k)-(0.0) = 0,0.09877304808711225,0.055698721498989676,-0.008649123111331253,0.20542322709908575,NA,NA,
(X_c)-(0.0) = 0,0.030638726352152153,0.02824111815245656,-0.024924866054262345,0.08450902111243586,NA,NA,
(X_k)-(0.0) = 0,-0.1754351520751991,0.029231262582305063,-0.23306469667485555,-0.11893333402424623,NA,NA,*
(X_c:X_k)-(0.0) = 0,-0.05339054154561707,0.056752769541595874,-0.16194711036158022,0.056765215046934214,NA,NA,
(X_c)-(0.0) = 0,-0.03800806226444328,0.0285070322342663,-0.09452064218688191,0.01787177512625558,NA,NA,
(X_k)-(0.0) = 0,-0.1072881530806405,0.02763838493330831,-0.1615737587440346,-0.05418663797338711,NA,NA,*
(X_c:X_k)-(0.0) = 0,-0.16702136431085088,0.05582100590953964,-0.273863364046683,-0.058793856880712675,NA,NA,*
(X_c)-(0.0) = 0,0.02770919291801549,0.02918762621061106,-0.02881801505958158,0.08607641181361084,NA,NA,
(X_k)-(0.0) = 0,0.0511666772301144,0.027883399294479173,-0.0038236944405366144,0.10463726017995942,NA,NA,
(X_c:X_k)-(0.0) = 0,-0.15524094067258198,0.054958255632179036,-0.2634987561277981,-0.04755398090844344,NA,NA,*
(X_c)-(0.0) = 0,0.10048450963252267,0.027648407332130105,0.04805176106857024,0.1541854220905738,NA,NA,*
(X_k)-(0.0) = 0,-0.12313279874447457,0.028322669376536186,-0.17768541794427428,-0.06888590298377976,NA,NA,*
(X_c:X_k)-(0.0) = 0,0.03041468216471208,0.05681021945729857,-0.07843233461087602,0.13884888531004394,NA,NA,
(X_c)-(0.0) = 0,-0.0787380427302126,0.028193689726399553,-0.13451195319598785,-0.02328917633127754,NA,NA,*
(X_k)-(0.0) = 0,-0.06625119337681107,0.028179885432220678,-0.12197690465714948,-0.011212829446261265,NA,NA,*
(X_c:X_k)-(0.0) = 0,-0.046601672872991357,0.055546692886143854,-0.15697245555308667,0.0641745886935488,NA,NA,
(X_c)-(0.0) = 0,0.043187269614281154,0.02785921635736701,-0.00992054319462772,0.09786042761002789,NA,NA,
(X_k)-(0.0) = 0,0.04524559923912802,0.028253372551951067,-0.011280611601766743,0.09814195248518165,NA,NA,
(X_c:X_k)-(0.0) = 0,-0.14984471667954882,0.05679255938106741,-0.2599468026733279,-0.03925138325329768,NA,NA,*
(X_c)-(0.0) = 0,0.0033349173077760795,0.028751649481947028,-0.052920396769758626,0.05904854731507453,NA,NA,
(X_k)-(0.0) = 0,-0.14985565637853662,0.028591381787359996,-0.2049045899440983,-0.09474398933562668,NA,NA,*
(X_c:X_k)-(0.0) = 0,-0.08899601348709123,0.055442572475968156,-0.19489532960729822,0.02006933544040044,NA,NA,
(X_c)-(0.0) = 0,-0.034639118827135454,0.027360313891075523,-0.08892959415688519,0.019179216383370924,NA,NA,
(X_k)-(0.0) = 0,0.0109927496928447,0.027599179872395366,-0.043400381950226996,0.0645481533318077,NA,NA,
(X_c:X_k)-(0.0) = 0,-0.0034763943612152984,0.057362828216214516,-0.11677110734284635,0.10739244950030986,NA,NA,
(X_c)-(0.0) = 0,-0.061774716455372275,0.028034791100397548,-0.11682214626564552,-0.0076124115466737995,NA,NA,*
(X_k)-(0.0) = 0,0.10739164520635248,0.027413645757982306,0.053723227505630175,0.162813339103546,NA,NA,*
(X_c:X_k)-(0.0) = 0,0.13459956847755578,0.05694736885652939,0.02338103375665525,0.24645456629727902,NA,NA,*
(X_c)-(0.0) = 0,0.017440069000555156,0.02852910522749684,-0.03998037509982934,0.07382755952186705,NA,NA,
(X_k)-(0.0) = 0,-0.14382206031376382,0.02832504068309036,-0.19970696506067284,-0.0889932334841505,NA,NA,*
(X_c:X_k)-(0.0) = 0,0.1329323650269864,0.05605444433731576,0.02142428160229397,0.24088187744275533,NA,NA,*
(X_c)-(0.0) = 0,0.04326614575526501,0.029001566404009915,-0.01391283947559208,0.10085583871691345,NA,NA,
(X_k)-(0.0) = 0,0.019788031183034696,0.02845228863535127,-0.03524169534104001,0.07516674601136268,NA,NA,
(X_c:X_k)-(0.0) = 0,0.08854329811120853,0.05721612244502401,-0.02162279565682571,0.19560292813401306,NA,NA,
(X_c)-(0.0) = 0,-0.009149061427105662,0.027873004258162637,-0.06298473129656021,0.044669043472525774,NA,NA,
(X_k)-(0.0) = 0,0.11138300125036742,0.028363510692497013,0.05617127628010327,0.16577954595369118,NA,NA,*
(X_c:X_k)-(0.0) = 0,-0.011672954065330667,0.05667833125807425,-0.12482881673980363,0.09895627698100376,NA,NA,
(X_c)-(0.0) = 0,0.024164290411316028,0.028071849176441226,-0.030425224249486883,0.07924674782504021,NA,NA,
(X_k)-(0.0) = 0,-0.1010474344296786,0.02835181895516289,-0.15624725721696858,-0.045978989363924395,NA,NA,*
(X_c:X_k)-(0.0) = 0,-0.04397883439355468,0.05683449276752232,-0.15410803825309258,0.06472044909083181,NA,NA,
(X_c)-(0.0) = 0,0.042424241039041063,0.0279392175578705,-0.013130972652437432,0.09530792934322214,NA,NA,
(X_k)-(0.0) = 0,-0.020483332104156798,0.02803264454585447,-0.07642808734946074,0.035817333634738414,NA,NA,
(X_c:X_k)-(0.0) = 0,0.04035185363862861,0.05566642328247281,-0.06821552967334239,0.14927823998286338,NA,NA,
(X_c)-(0.0) = 0,0.08620005479896588,0.027609571245894915,0.03096800697061529,0.140889571553868,NA,NA,*
(X_k)-(0.0) = 0,0.10047036847865645,0.028556885409141967,0.044898572102801945,0.15668789832869992,NA,NA,*
(X_c:X_k)-(0.0) = 0,-0.08577775415242683,0.056473796105343615,-0.19529758826549928,0.03051831560219413,NA,NA,
(X_c)-(0.0) = 0,0.04852503125664658,0.02850203507623375,-0.007817668676538662,0.10574335981887861,NA,NA,
(X_k)-(0.0) = 0,0.08041084365643866,0.027413038403593305,0.026353495870774058,0.13334131089863374,NA,NA,*
(X_c:X_k)-(0.0) = 0,0.04347799452255346,0.05584076983326792,-0.06221812307461763,0.1535767830954703,NA,NA,
(X_c)-(0.0) = 0,-0.03488513767554265,0.02755543195554366,-0.08888465483761183,0.018533312600758328,NA,NA,
(X_k)-(0.0) = 0,0.06239670037725214,0.02883875941202557,0.004896515372183726,0.11843965297326625,NA,NA,*
(X_c:X_k)-(0.0) = 0,-0.22945430987139784,0.05726109676673664,-0.3435414369065275,-0.11758129040125109,NA,NA,*
(X_c)-(0.0) = 0,-0.0057172948644925335,0.028153346996657367,-0.06009096700923523,0.04936847448457877,NA,NA,
(X_k)-(0.0) = 0,-0.0847484839651879,0.028914566547729923,-0.1403041185291931,-0.029107416970759272,NA,NA,*
(X_c:X_k)-(0.0) = 0,0.019304580070107876,0.05629538066675021,-0.08848216166169809,0.13159494712759118,NA,NA,
(X_c)-(0.0) = 0,-0.009772024083204505,0.027967678036664695,-0.06435863542029754,0.045126681014279274,NA,NA,
(X_k)-(0.0) = 0,0.053828281796789154,0.02781583924057089,-6.175839447299975e-4,0.10734025067973174,NA,NA,
(X_c:X_k)-(0.0) = 0,0.09738523462932579,0.05607993381294591,-0.008981642478248472,0.20629238327216443,NA,NA,
(X_c)-(0.0) = 0,-0.049098355137688586,0.028276034887384584,-0.10482555020692595,0.005023796633234236,NA,NA,
(X_k)-(0.0) = 0,-0.0428832882082856,0.02743908133055146,-0.09698362467265137,0.010326408502119307,NA,NA,
(X_c:X_k)-(0.0) = 0,0.18576727118364836,0.057468466889247956,0.07453745190821921,0.2974891835993972,NA,NA,*
